name,age,phone_number,email
Galvan Martinovsky,69,474-221-2605,gmartinovsky0@spiegel.de
Agosto Crock,49,474-198-6868,acrock1@upenn.edu
Nevin Tams,19,640-692-1039,ntams2@xing.com
Audra Simakov,89,805-407-0749,asimakov3@dell.com
Marga Fery,27,936-519-3788,mfery4@shareasale.com
Flin Bendix,39,606-650-7023,fbendix5@businessinsider.com
Joshua Capini,20,619-941-1676,jcapini6@globo.com
Rana Harbage,33,592-569-3484,rharbage7@wikispaces.com
Laurianne Harvison,55,592-971-4662,lharvison8@senate.gov
Bryan Yashnov,95,866-555-5663,byashnov9@geocities.jp
Ansel Giurio,27,203-647-2800,agiurioa@gravatar.com
Calypso Sclanders,37,798-745-4144,csclandersb@skype.com
Brigitta Yeowell,41,221-486-0603,byeowellc@europa.eu
Jasen Silcox,67,179-818-2648,jsilcoxd@drupal.org
Sharline Sprowson,81,606-531-3316,ssprowsone@umich.edu
Elaine Powter,82,243-742-2938,epowterf@bluehost.com
Lura Bowdidge,90,445-921-9420,lbowdidgeg@barnesandnoble.com
Willow Pigeon,79,694-895-0119,wpigeonh@nba.com
Trisha Kyrkeman,31,303-614-8353,tkyrkemani@jimdo.com
Nicko Pengilly,18,667-964-3883,npengillyj@twitter.com
Candie Torrecilla,81,218-990-6054,ctorrecillak@edublogs.org
Conant Solomonides,57,253-700-8191,csolomonidesl@sfgate.com
Shayne Bonhome,74,960-610-6877,sbonhomem@amazon.co.uk
Etan Janauschek,38,206-425-9856,ejanauschekn@is.gd
Spike Bucklee,52,355-630-9838,sbuckleeo@odnoklassniki.ru
Kailey Durtnell,83,604-526-4949,kdurtnellp@tuttocitta.it
Annora Cooch,43,621-639-2561,acoochq@parallels.com
Thurstan Ferns,39,707-964-6979,tfernsr@redcross.org
Bengt Sawdy,55,288-965-7121,bsawdys@ucoz.ru
Aldric Giacobini,25,685-155-1744,agiacobinit@java.com
Donovan Jahnig,41,145-849-4793,djahnigu@dagondesign.com
Si Petrozzi,39,683-559-6596,spetrozziv@jugem.jp
Edythe Spadelli,30,974-145-3242,espadelliw@themeforest.net
Mommy Cuffe,33,985-160-9141,mcuffex@marriott.com
Emelita Burland,36,305-408-6848,eburlandy@google.nl
Naoma Amsberger,19,848-842-3233,namsbergerz@mozilla.com
Harriott Castanares,38,647-876-7723,hcastanares10@google.es
Donny Derycot,41,197-372-7564,dderycot11@naver.com
Anatollo Geratasch,90,242-117-3230,ageratasch12@people.com.cn
Dave Vivien,98,335-437-1325,dvivien13@blogtalkradio.com
Ysabel Warin,19,244-422-3628,ywarin14@oakley.com
Glyn Catterill,23,890-164-4671,gcatterill15@multiply.com
Joellen Cowl,91,300-709-2825,jcowl16@weibo.com
Chrisse Whittet,69,172-455-0036,cwhittet17@comcast.net
Jennette Yacobsohn,84,966-749-7269,jyacobsohn18@unblog.fr
Blancha Saxon,49,224-985-8489,bsaxon19@oaic.gov.au
Cordelie Ives,21,664-949-9851,cives1a@prweb.com
Bendick Griffithe,58,410-689-2904,bgriffithe1b@paypal.com
Kylynn O'Neal,23,512-205-4603,koneal1c@timesonline.co.uk
Sinclare Petrashov,34,489-431-7933,spetrashov1d@ibm.com
Gonzalo Ledner,30,539-789-2546,gledner1e@tumblr.com
Elizabet Maple,87,907-733-4086,emaple1f@tamu.edu
Quintin Tyght,84,901-796-1041,qtyght1g@studiopress.com
Addy Siuda,28,836-666-6597,asiuda1h@nature.com
Crystie Le Fleming,27,828-803-6183,cle1i@boston.com
Hansiain Elliman,57,510-770-6217,helliman1j@pcworld.com
Oates Guest,85,886-112-7688,oguest1k@narod.ru
Waldo Joselovitch,86,510-930-4031,wjoselovitch1l@cisco.com
Bradney Whalebelly,76,913-814-2033,bwhalebelly1m@weebly.com
Tad Wyley,59,707-609-2223,twyley1n@so-net.ne.jp
Leese Lampart,49,646-369-5621,llampart1o@ft.com
Dory Grimston,66,456-618-4259,dgrimston1p@topsy.com
Robb O'Cannan,47,913-206-9608,rocannan1q@furl.net
Clive Faucherand,85,709-915-9107,cfaucherand1r@amazon.de
Sheelagh Fenge,94,493-427-2504,sfenge1s@microsoft.com
Wren Thorndale,89,162-371-5303,wthorndale1t@example.com
Bernadette Connolly,25,609-550-4620,bconnolly1u@yolasite.com
Matthew Carillo,79,695-831-7983,mcarillo1v@ox.ac.uk
Jori Skupinski,46,357-796-2067,jskupinski1w@xinhuanet.com
Jessie Fateley,92,327-450-2747,jfateley1x@google.es
Dyana Melliard,28,847-157-0716,dmelliard1y@marketwatch.com
Alicea De La Hay,22,147-964-4911,ade1z@taobao.com
Sherill Bescoby,38,239-192-5098,sbescoby20@ifeng.com
Thekla Bodley,90,687-275-4713,tbodley21@theatlantic.com
Vernor Swyn,29,958-369-0395,vswyn22@google.ca
Sonni Gammie,84,469-149-0629,sgammie23@weebly.com
Carlene Zottoli,57,860-378-9230,czottoli24@omniture.com
Lilias Mathison,96,197-813-7819,lmathison25@freewebs.com
Catie Giovannacc@i,67,212-479-4367,cgiovannacci26@goo.ne.jp
Biron Dewan,93,861-932-5824,bdewan27@prweb.com
Barrett Simeons,98,784-613-7050,bsimeons28@yellowbook.com
Alyse Diggar,96,601-685-0656,adiggar29@soundcloud.com
Kalila MacCurley,74,807-921-5783,kmaccurley2a@feedburner.com
Hatty De Ferraris,75,371-876-4809,hde2b@ed.gov
Kerrill Tremathick,32,892-357-8204,ktremathick2c@linkedin.com
Ruprecht Canny,90,935-784-8935,rcanny2d@google.fr
Ginger Bicheno,28,551-538-4812,gbicheno2e@weibo.com
Aloysia Paal,24,486-934-3518,apaal2f@g.co
Adelice Driscoll,39,875-844-8333,adriscoll2g@sohu.com
Onofredo Enticott,21,833-453-3110,oenticott2h@nbcnews.com
Rosalinda Fabler,49,349-739-2063,rfabler2i@wordpress.com
Diann Westmorland,55,648-551-9165,dwestmorland2j@networkadvertising.org
Ingeberg Silverwood,84,754-433-0503,isilverwood2k@opensource.org
Kenyon Fine,99,945-232-5152,kfine2l@istockphoto.com
Linzy Boydell,79,203-705-8561,lboydell2m@google.es
Jordan Lemmer,62,669-950-3461,jlemmer2n@ft.com
Ardelle Hotton,42,399-236-3382,ahotton2o@freewebs.com
Minny Stoaks,82,224-869-6258,mstoaks2p@studiopress.com
Worden Playford,37,393-645-0248,wplayford2q@paypal.com
Jule Hartop,80,399-480-5532,jhartop2r@free.fr